{
    // Use IntelliSense to learn about possible attributes.
    // Hover to view descriptions of existing attributes.
    // For more information, visit: https://go.microsoft.com/fwlink/?linkid=830387
    "version": "0.2.0",
    "configurations": [
        {
            "name": "(gdb) Launch",
            "type": "cppdbg",
            "request": "launch",
            "program": "/data/workspace/e00042/code/cmodel_br100/build/cmreplay",
            "args": ["/data/workspace/e00042/code/br_generator/tests/code_gen/output/fwd_in_1x8x8x8_w_1x8x1x1_px0_py0_s2_d1"],
            "stopAtEntry": false,
            "cwd": "/data/workspace/e00042/code/cmodel_br100/build",
            "environment": [],
            "externalConsole": false,
            "MIMode": "gdb",
            "setupCommands": [
                {
                    "description": "Enable pretty-printing for gdb",
                    "text": "-enable-pretty-printing",
                    "ignoreFailures": true
                }
            ]
        },
        {
            "name": "Python: Current File",
            "type": "python",
            "request": "launch",
            "program": "${file}",
            "console": "integratedTerminal",
            "envFile": "${workspaceRoot}/setup.sh"
        },
        {
            "name": "Python: Attach using Process Id",
            "type": "python",
            "request": "attach",
            "processId": "${command:pickProcess}"
        },
        {
            "name": "Python: Current File With input args",
            "type": "python",
            "request": "launch",
            "program": "${file}",
            "console": "integratedTerminal",
            "envFile": "${workspaceRoot}/setup.sh",
            "args": ["1x8x64x64", "1x8x1x1", "--dilation=1", "--stride=1", "--padx=0", "--pady=0"]
        },
        {
            "name": "PyTest",
            "type": "python",
            "request": "launch",
            "stopOnEntry": false,
            "module": "pytest",
            "args": ["${file}"],
            "envFile": "${workspaceRoot}/setup.sh"
        },
        {
            "name": "PyTest2",
            "type": "python",
            "request": "launch",
            "stopOnEntry": false,
            "module": "pytest",
            "args": ["${file}::test_tcore_fwd_convolution::test_fwd_in_1x8x8x8_w_1x8x1x1_px0_py0_s1_d1"],
            "envFile": "${workspaceRoot}/setup.sh"
        }
    ]
}