{
    "cmod": {
        "idle_threshold": 1000,
        "sim_interval": 200
    },
    
    "spc_filter": "0 1 2 3",

    "mem": {
        "size": "0x2000000000000"
    },
    
    "dump": {
        "blocks": ["cp"],
        "interfaces": ["SPC.ShaderUnit.inLSData"] 
    },
    
    "flags": {
        "smmu_en": false,
        "pfc_dump": false,
        "multi_thread": false
    },
    
    "cp_mmio" : {
        "start": "0x200000",
        "offset": "0x10000",
        "doorbell": "0x200800"
    },

    "spc_mmio" : {
        "start": "0x130000",
        "offset": "0x10000",
        "spc_num": 4
    },

    "l2_mmio" : {
        "start": "0x110000",
        "offset": "0x1000",
        "l2_num": 4
    },

    "inst_trace": {
        "enable": 1,
        "path": "inst_trace/",
        "compiler": "./assembler/latest/llvm-mc",
        "filter": {
            "inst_type": [ "PLSA", "PSCAL", "ISCAL", "ISIMT-ALU2", "ISIMT-ALU3", "ISIMT-MOV" ],
            "inst_opcode": [ "all", "all", "all", "all", "all", "all" ],
            "cu": [ 0,3 ],
            "eu": [ 0,3 ],
            "warp": [ 0, 1, 2, 3, 4, 5, 6, 7]
        }
    },
    "proc": {
        "vec_out": "default",
        "cwd": ""
    }
}
